quarter,period_end,revenue_m,sssg_pct,auv_in_thousands,restaurant_margin_pct,restaurant_count,net_new_openings,digital_revenue_mix_pct,adj_ebitda_margin_pct,weeks_in_period,weekly_revenue_m,avg_price,end_price,start_price,price_volatility,avg_volume,quarterly_return,avg_search_interest,search_interest_qoq,avg_news_sentiment,news_article_count,pct_positive_news,pct_negative_news,avg_reddit_sentiment,reddit_post_count,median_reddit_upvotes,avg_analyst_score,analyst_action_count,pct_bullish,ipo_quarter,sssg_beat,sssg_miss,guidance_cut,ath_quarter,has_news_data,has_reddit_data,has_analyst_data,sssg_pct_lag1,sssg_pct_lag2,sssg_pct_next,sssg_rolling_3q,auv_qoq,margin_qoq,digital_mix_qoq,digital_mix_lag1,digital_mix_lag2
Q2 2022,2022-07-10,135.9,13.3,2399,22.1,195,18,33.9,4.3,12,11.325,,,,,,,0.0666666666666666,-93.33333333333331,,0.0,,,,0.0,,,0.0,,0,0,0,0,0,0,0,0,,,9.2,,,,,,
Q3 2022,2022-10-02,139.3,9.2,2383,21.7,214,19,32.9,3.5,12,11.608333333333334,,,,,,,0.0,-100.0,,0.0,,,-0.0771999999999999,1.0,0.0,,0.0,,0,0,0,0,0,0,1,0,13.3,,14.8,,-0.666944560233429,-0.4000000000000021,-1.0,33.9,
Q4 2022,2023-01-01,123.0,14.8,2398,20.0,237,23,34.5,2.7,12,10.25,,,,,,,0.8461538461538461,1.538461538461533,,0.0,,,,0.0,,,0.0,,0,0,0,0,0,0,0,0,9.2,13.3,28.4,12.433333333333332,0.629458665547622,-1.6999999999999993,1.6000000000000014,32.9,33.9
Q1 2023,2023-04-16,196.8,28.4,2547,25.4,263,26,36.6,8.2,16,12.3,,,,,,,1.0,0.0,,0.0,,,,0.0,,,0.0,,0,0,0,0,0,0,0,0,14.8,9.2,18.2,17.466666666666665,6.213511259382809,5.399999999999999,2.1000000000000014,34.5,32.9
Q2 2023,2023-07-09,172.9,18.2,2599,26.1,279,16,36.1,12.5,12,14.408333333333331,40.61200002034505,39.619998931884766,43.779998779296875,0.0549828365099908,2984773.3333333335,-9.50205564962083,1.0833333333333333,1525.0,,0.0,,,0.2899094295525193,3.0,4.0,,0.0,,1,0,0,0,0,0,1,0,28.4,14.8,14.1,20.46666666666667,2.0416175893207766,0.7000000000000028,-0.5,36.6,34.5
Q3 2023,2023-10-01,175.6,14.1,2640,25.1,290,11,35.5,11.3,12,14.633333333333333,43.951186260934605,30.6299991607666,44.0,0.0451054282782025,1789249.152542373,-30.38636554371227,0.9166666666666666,0.0,,0.0,,,-0.080868541374474,2.0,5.5,0.6153846153846154,13.0,0.6153846153846154,0,0,0,0,0,0,1,1,18.2,28.4,11.4,20.23333333333333,1.5775298191612164,-1.0,-0.6000000000000014,36.1,36.6
Q4 2023,2023-12-31,177.2,11.4,2639,22.4,309,19,35.9,8.9,13,13.63076923076923,34.86507927425324,42.97999954223633,31.0,0.0398504724248246,1918273.015873016,38.64515981366557,1.0,18.181818181818187,,0.0,,,0.3313922993794876,7.0,27.0,0.5714285714285714,7.0,0.5714285714285714,0,0,0,0,0,0,1,1,14.1,18.2,2.3,14.566666666666668,-0.0378787878787867,-2.700000000000003,0.3999999999999986,35.5,36.1
Q1 2024,2024-04-21,259.0,2.3,2608,25.2,323,14,37.0,12.9,16,16.1875,55.59552634389777,59.66999816894531,40.869998931884766,0.0323438913915165,2213350.0,45.99950997892909,0.6875,-31.25,,0.0,,,0.5184122437126414,4.0,142.5,0.8235294117647058,17.0,0.8235294117647058,0,0,1,0,0,0,1,1,11.4,14.1,14.4,9.266666666666667,-1.1746873815839387,2.8000000000000007,1.1000000000000014,35.9,35.5
Q2 2024,2024-07-14,233.5,14.4,2689,26.5,341,18,35.8,14.7,12,19.458333333333332,82.93912258482816,84.25,59.61000061035156,0.0338850550727501,3207664.9122807016,41.335344971242264,1.0,-7.692307692307687,,0.0,,,0.1249428036420244,9.0,42.0,0.7272727272727273,11.0,0.7272727272727273,0,0,0,0,0,0,1,1,2.3,11.4,18.1,9.366666666666667,3.105828220858897,1.3000000000000007,-1.2000000000000028,37.0,35.9
Q3 2024,2024-10-06,243.8,18.1,2784,25.6,352,11,35.8,13.7,12,20.316666666666663,104.78305092504468,126.5999984741211,86.62999725341797,0.037037479599403,3153066.101694915,46.138753881959886,1.0,9.090909090909104,,0.0,,,0.3068112857354279,12.0,15.0,0.6666666666666666,18.0,0.6666666666666666,0,1,0,0,0,0,1,1,14.4,2.3,21.2,11.6,3.5329118631461487,-0.8999999999999986,0.0,35.8,37.0
Q4 2024,2024-12-29,227.4,21.2,2865,22.4,367,15,36.8,11.0,12,18.95,134.7067247588059,114.37000274658205,126.0,0.0270782085848715,2697737.9310344825,-9.23015655033171,1.0,0.0,,0.0,,,0.39480613716704,5.0,1.0,0.3076923076923077,13.0,0.3076923076923077,0,1,0,0,1,0,1,1,18.1,14.4,10.8,17.900000000000002,2.909482758620685,-3.200000000000003,1.0,35.8,35.8
Q1 2025,2025-04-20,331.8,10.8,2933,25.1,382,15,38.0,13.5,16,20.7375,104.58533335367838,86.0,111.5199966430664,0.0448105448371476,3328289.3333333335,-22.88378534008239,1.0,45.45454545454546,,0.0,,,0.5295062037037037,3.0,6.0,0.5454545454545454,11.0,0.5454545454545454,0,0,0,0,0,0,1,1,21.2,18.1,2.1,16.7,2.373472949389188,2.700000000000003,1.2000000000000028,36.8,35.8
Q2 2025,2025-07-13,280.6,2.1,2939,26.3,398,16,37.3,15.0,12,23.383333333333336,85.42947360925507,92.0500030517578,80.37000274658203,0.0292749177121758,3726170.175438597,14.532785748439572,1.0,0.0,0.2835,57.0,0.7894736842105263,0.0,0.5917296397849461,5.0,13.0,0.6363636363636364,11.0,0.6363636363636364,0,0,1,1,0,1,1,1,10.8,21.2,1.9,11.366666666666667,0.2045687009887498,1.1999999999999993,-0.7000000000000028,38.0,36.8
Q3 2025,2025-10-05,292.2,1.9,2935,24.6,415,17,37.6,13.7,12,24.35,73.57000001810364,63.529998779296875,89.86000061035156,0.0321523458136161,4675800.0,-29.30113693769724,0.8333333333333334,-16.666666666666664,0.1668049999999999,20.0,0.55,0.1,0.1914050002490417,7.0,242.0,0.3636363636363636,11.0,0.3636363636363636,0,0,1,1,0,1,1,1,2.1,10.8,0.5,4.933333333333334,-0.1361007145287529,-1.6999999999999993,0.3000000000000042,37.3,38.0
Q4 2025,2025-12-28,275.0,0.5,2934,21.4,439,24,38.9,9.4,12,22.916666666666668,55.23379319289635,60.150001525878906,63.79999923706055,0.0343865314820701,4106827.5862068967,-5.720999615720069,1.0,0.0,0.1436471328671328,143.0,0.5314685314685315,0.2307692307692307,0.1299638596491228,1.0,16.0,0.5294117647058824,17.0,0.5294117647058824,0,0,1,0,0,1,1,1,1.9,2.1,,1.5,-0.0340715502555322,-3.200000000000003,1.2999999999999972,37.6,37.3
